episode_id,segment_start_step,segment_end_step,action,segment_len,mean_delta_3,mean_slope_5,mean_std_5
1,1,1,TUMBLE,1,,-0.21856902370697856,0.1092845118534893
1,2,3,RUN,2,-0.12864742665418694,-0.08189235621905205,0.09723421716011858
1,4,9,TUMBLE,6,0.030778583472644044,-0.004789220126741885,0.06131610874520647
1,10,10,RUN,1,-0.04960535769367242,0.026528178856622762,0.09172556080939673
1,11,15,TUMBLE,5,0.05137001599402631,0.016243554411152817,0.06445794977763572
1,16,16,RUN,1,0.41904175489883455,0.11878558443277899,0.19392551508594608
1,17,17,TUMBLE,1,0.3021081073686469,0.15320939189970942,0.22896286739790275
2,1,2,TUMBLE,2,,0.1736684958346939,0.11129845429192928
2,3,3,RUN,1,-0.08333164959727388,0.026630833493021876,0.10468039737678875
2,4,5,TUMBLE,2,-0.11455509981863655,-0.04128482691255597,0.12109682087864486
2,6,8,RUN,3,0.010503596056729195,-0.0029827175004765033,0.08146204119513785
2,9,16,TUMBLE,8,-0.016722549691453266,-0.011504297827763129,0.07434994262583568
2,17,19,RUN,3,0.03563693237044266,0.027954439372794387,0.08307627730310246
3,1,3,TUMBLE,3,0.018664317572296446,0.03681930601839859,0.030583754157327236
3,4,4,RUN,1,-0.1565004172324282,-0.015983053753028165,0.06371844329639283
3,5,15,TUMBLE,11,-0.005371626489345368,-0.010285542165847367,0.06876258053636489
3,16,17,RUN,2,0.18501213479137507,0.07291185338690402,0.11740425144894694
3,18,19,TUMBLE,2,0.18808115176181708,0.0995327964373391,0.14985707180435281
4,1,5,TUMBLE,5,0.035033898146682896,-0.012321855248669113,0.0820118505277465
4,6,6,RUN,1,0.07044696352952405,0.058614749808982396,0.0924967047663997
4,7,15,TUMBLE,9,0.04177962845904368,0.027270170133151236,0.12305585850722862
4,16,16,RUN,1,0.008448466618947076,-0.017515222224342857,0.08244944169598634
4,17,19,TUMBLE,3,-0.1379984126752981,-0.050228932002096126,0.12030369470162289
5,1,3,TUMBLE,3,-0.025756059225736844,0.09553912337711856,0.22162414882303097
5,4,4,RUN,1,0.2898467505914553,0.12494409483360823,0.28386706575739123
6,1,3,TUMBLE,3,0.09649637365346084,0.056985161115169713,0.04450488195875033
6,4,4,RUN,1,-0.07892043666339398,0.013700457291352613,0.05334519531808319
6,5,6,TUMBLE,2,-0.16506046969011967,-0.05246158203718089,0.09124602195259085
6,7,7,RUN,1,0.051682068254052665,-0.047130281567837724,0.09573186003423273
6,8,8,TUMBLE,1,0.17013299336032062,0.021654609660813194,0.07898265462831489
6,9,11,RUN,3,0.032502203743580226,0.0349627331907142,0.08320289012973474
6,12,12,TUMBLE,1,-0.10228233292581328,-0.01934899281637067,0.07910883262648984
6,13,13,RUN,1,0.0376263061945801,0.00572941862477621,0.07872177350006464
6,14,16,TUMBLE,3,-0.028427490109198806,-0.012545771989664257,0.08650517923496835
6,17,17,RUN,1,0.01138033279300809,-0.019095381520070318,0.09230852847888836
6,18,18,TUMBLE,1,-0.023234077111156735,-0.012307778904380869,0.08806232583073058
6,19,19,RUN,1,-0.1781464909569188,-0.014433724725815802,0.0905833525851499
9,1,2,TUMBLE,2,,-0.12475931279584988,0.08330384188635387
9,3,4,RUN,2,-0.04306727179864341,-0.047689136968197404,0.10025845659038077
9,5,6,TUMBLE,2,0.13765258465767624,0.03633323543453365,0.11000636995864432
9,7,7,RUN,1,-0.17280123127414287,-0.016972772244370462,0.1177884867321655
9,8,12,TUMBLE,5,0.02869356533698819,0.008361978740619513,0.08417858201465275
9,13,13,RUN,1,0.01868889246201877,0.005354206955286845,0.021992372637948347
9,14,17,TUMBLE,4,-0.02380905857767328,-0.020826032812156663,0.05967673139448311
9,18,18,RUN,1,0.05781298470950369,0.020679815167372505,0.09072185883299824
9,19,19,TUMBLE,1,0.0401066631776996,0.039432457111554825,0.092539038111802
10,1,4,TUMBLE,4,0.004176451707408144,-0.036895812754907185,0.07278033630346016
10,5,5,RUN,1,-0.059868484995029975,-0.026973428858892378,0.09760226304363388
10,6,6,TUMBLE,1,-0.06407661257663452,-0.012976241798201829,0.08887322733518868
10,7,7,RUN,1,-0.10958601074519354,-0.06329559364125062,0.10401144528045426
10,8,8,TUMBLE,1,-0.025801464630610935,-0.022710300561442257,0.044683182885700015
10,9,10,RUN,2,0.004434706750265974,-0.014123145153941318,0.03974421571694477
10,11,16,TUMBLE,6,0.0076958012858102205,-0.005014471605900205,0.05321570701996812
10,17,18,RUN,2,0.11053700508632289,0.06002420619204753,0.09543612982135659
10,19,19,TUMBLE,1,0.25088169214654915,0.0874575083586315,0.13547433856156532
11,1,1,TUMBLE,1,,-0.1913295481586279,0.09566477407931395
12,1,2,TUMBLE,2,,0.02839464373590644,0.0228622541876319
12,3,3,RUN,1,0.10272493388839643,0.033663288091957254,0.048018550965229494
12,4,4,TUMBLE,1,0.22447950505118608,0.06485971189403156,0.10522074982772632
13,1,1,TUMBLE,1,,-0.09077331853662676,0.04538665926831338
13,2,2,RUN,1,,0.0006401984856393791,0.04309591539470273
13,3,3,TUMBLE,1,0.2619777413669739,0.0788494018043479,0.11942155008616319
14,1,3,TUMBLE,3,-0.06298811677190558,0.09347078924153185,0.08520079296169399
14,4,4,RUN,1,-0.2481525947749666,-0.03710000078850059,0.11007119837997663
14,5,6,TUMBLE,2,-0.09434375853106944,-0.06728210654947323,0.11543037010920729
14,7,7,RUN,1,-0.11115661000394055,-0.05947541337920214,0.1058199491586879
14,8,9,TUMBLE,2,-0.0693079918367479,-0.0622952870947842,0.12423721691976507
14,10,12,RUN,3,0.10215188556263843,0.03800001620843995,0.09965033378071719
14,13,14,TUMBLE,2,0.1809970931089292,0.069627609947212,0.11637308682919376
14,15,16,RUN,2,0.01221795586884561,0.04463947071260542,0.11062541686265528
14,17,18,TUMBLE,2,-0.15148692125285304,-0.04532238359928914,0.11422934489334127
14,19,19,RUN,1,-0.36815144824097135,-0.1031422009221193,0.16754235248387997
15,1,3,TUMBLE,3,-0.06542469025423905,-0.09988491789783932,0.08651812245254141
15,4,5,RUN,2,0.08071710980314704,0.023403295752552566,0.09753622312189793
15,6,8,TUMBLE,3,-0.07775357423101524,-0.043025283441728936,0.12403333951192953
15,9,9,RUN,1,0.12055503993644018,0.024527811823950203,0.07558076405375157
15,10,10,TUMBLE,1,-0.010174823013641235,0.04145568848385337,0.07390152386273739
15,11,11,RUN,1,0.10706359452358771,0.03141983915249329,0.05593505814489111
15,12,19,TUMBLE,8,-0.019251249225505713,-0.012282858919567114,0.09183186860146528
16,1,1,RUN,1,,0.10780232802020906,0.053901164010104544
16,2,7,TUMBLE,6,-0.024270004503655462,-0.020912446499322942,0.05484238916354989
16,8,8,RUN,1,0.006150467332140221,0.0002932383503877101,0.018252916779792766
16,9,13,TUMBLE,5,0.020555750067946944,0.007537279265615371,0.048593845652731546
16,14,14,RUN,1,0.05670290521456615,0.03363415996179579,0.09506867074958662
16,15,15,TUMBLE,1,-0.01362570565863358,0.018995080276050635,0.08713320849681717
16,16,16,RUN,1,0.22984008155120625,0.0279697059042562,0.10045687630435378
16,17,19,TUMBLE,3,-0.056750854913443005,0.015493282483547035,0.0840499934130815
17,1,7,TUMBLE,7,4.280958115672195e-05,-0.0037509594865804538,0.08061347782748572
17,8,8,RUN,1,-0.17295911833407934,-0.06961179141230849,0.10740553116049402
17,9,9,TUMBLE,1,0.009732457883996633,-0.03132847058070313,0.06948878244651896
17,10,10,RUN,1,0.09617029682979956,0.0038434871140013327,0.06795961917229244
17,11,13,TUMBLE,3,0.04896129396711185,0.009235306193475344,0.094006662890179
17,14,15,RUN,2,0.0005547420677971451,0.03509048115614181,0.12220052140007724
17,16,19,TUMBLE,4,0.005846513481512182,0.02007848082205914,0.09504718289611815
18,1,2,TUMBLE,2,,-0.03593431241602549,0.03906559266340068
18,3,4,RUN,2,-0.15661414791535522,-0.04776356836438247,0.08285594043246446
18,5,6,TUMBLE,2,0.0290246798271429,-0.041519514602212614,0.10666605070050177
18,7,8,RUN,2,-0.014402423634205734,0.024914405904389578,0.08843979423618864
18,9,9,TUMBLE,1,0.03713025836396971,0.012660809775886366,0.08745473465970029
18,10,10,RUN,1,0.0810072833680716,-0.003991866071090035,0.07132340045935412
18,11,11,TUMBLE,1,0.0759299720256483,0.026753741639755434,0.06817725341529647
18,12,12,RUN,1,0.08453309487175201,0.05490864152912002,0.08505720885608893
18,13,13,TUMBLE,1,-0.05546363036363072,0.00772397577077644,0.038434349514095655
18,14,14,RUN,1,-0.0036685945292595917,-0.0002790828385101655,0.034726041514772876
18,15,15,TUMBLE,1,0.06979325583456171,0.010736999308810277,0.044910636079161945
18,16,16,RUN,1,-0.02354253753521998,-0.0030288071145496485,0.045377554567997795
18,17,19,TUMBLE,3,0.10725398366166145,0.030527124984446152,0.07636961226262524
19,1,1,TUMBLE,1,,-0.07334314578352734,0.03667157289176366
19,2,3,RUN,2,0.034360282279366355,0.0032490900761947654,0.03293321246305633
19,4,4,TUMBLE,1,-0.2590796683441768,-0.048384289065807023,0.10990236353997616
19,5,5,RUN,1,-0.07259133429586132,-0.046235355493379746,0.10859690756878466
19,6,6,TUMBLE,1,0.1327151309670262,-0.019134551458544088,0.11435726048293034
19,7,9,RUN,3,0.030483944193089595,0.020371674322699918,0.086362342220182
19,10,14,TUMBLE,5,-0.031648696366646044,0.004980798875263321,0.10963835274892134
19,15,15,RUN,1,0.054502940936598035,-0.03368931246705051,0.13189127636803952
19,16,16,TUMBLE,1,0.02496040160362948,-0.04039452651666931,0.13272100020554944
19,17,19,RUN,3,-0.07144018108385945,-0.018176298809503125,0.10594412093238455
20,1,3,TUMBLE,3,0.019486104989143063,0.0285358217111967,0.025183535137272273
20,4,4,RUN,1,0.06432112495451109,0.026395723440214357,0.04108455566518421
20,5,5,TUMBLE,1,0.1558124391852628,0.046809219931999414,0.07481626747412241
20,6,6,RUN,1,0.08689569360338753,0.04731170785903387,0.07535105361539193
20,7,7,TUMBLE,1,0.5470980235736873,0.14795205765887903,0.24262469002018702
21,1,2,RUN,2,,0.005555504925768191,0.033473063164164374
21,3,8,TUMBLE,6,-0.07911579445092874,-0.043987291031937374,0.12763449676273994
21,9,9,RUN,1,0.01297746674825137,-0.014377831313064379,0.10065383336581181
21,10,10,TUMBLE,1,-0.05941313148574057,0.017790832906841636,0.07236565679562457
21,11,11,RUN,1,0.06791500165758362,-0.004185670164509792,0.03738940471208126
21,12,16,TUMBLE,5,0.004468542948881202,0.005354773900453531,0.06345514814024523
21,17,18,RUN,2,0.05790515172358356,0.01700901220935106,0.08402315256254485
21,19,19,TUMBLE,1,0.004403409995881093,0.0010531193799913196,0.07549047097241517
22,1,1,TUMBLE,1,,0.1433111606146518,0.07165558030732594
23,1,2,TUMBLE,2,,0.07122197493668661,0.04662828145624766
23,3,3,RUN,1,-0.189010967453973,-0.028882771555551034,0.09549354456960807
23,4,4,TUMBLE,1,-0.1768695240449791,-0.048254467898226974,0.10894269931258248
23,5,6,RUN,2,0.05734987898229928,-0.021421763593984726,0.12103297037866548
23,7,8,TUMBLE,2,0.14133152475343938,0.05382258703400046,0.11772626945562684
23,9,9,RUN,1,-0.031067641446225768,0.012509062821359477,0.09813125541455113
23,10,12,TUMBLE,3,0.025630196627316488,0.0016063153631299812,0.08423228367624584
23,13,14,RUN,2,-0.1028425840574273,-0.0011397718846320442,0.08653620356742617
23,15,17,TUMBLE,3,0.037901947089818096,-0.0171653065387973,0.09577612013023025
23,18,18,RUN,1,-0.1783969431088173,0.0013053561979946154,0.10438860411382248
23,19,19,TUMBLE,1,0.05322402393451468,0.01259880230725745,0.10837466084859315
24,1,3,TUMBLE,3,-0.10271293080398905,-0.043281871913067003,0.03987578879422518
24,4,4,RUN,1,-0.07323475690734618,-0.03767156558093528,0.059616246387942655
24,5,9,TUMBLE,5,0.028925602956583123,0.016132578863032265,0.08957253491134187
24,10,10,RUN,1,0.047581703770057465,-0.03139758139869935,0.0798326294924776
24,11,11,TUMBLE,1,-0.0737335057673867,-0.006738892347571571,0.0339861883266842
24,12,12,RUN,1,-0.17498239216506728,-0.04026995404946644,0.07727752974375877
24,13,14,TUMBLE,2,-0.0475716715827634,-0.0477681086550729,0.08157751231161353
24,15,15,RUN,1,0.010031514543534788,-0.014119245118791349,0.0397860039718176
24,16,17,TUMBLE,2,0.17912158343716272,0.04311795673242289,0.07731070084207171
24,18,18,RUN,1,0.30537298313263905,0.11946529234131952,0.17865026779072296
25,1,2,RUN,2,,-0.15085169255840386,0.16390032898769327
25,3,3,TUMBLE,1,0.2233122296145803,0.07631594352369206,0.1727495932579576
25,4,5,RUN,2,0.22301553618839745,0.11895956152244883,0.2052306449552475
26,1,1,RUN,1,,0.019139995659977697,0.009569997829988859
26,2,3,TUMBLE,2,-0.00907387373883245,0.03611392285541651,0.04359436295113289
26,4,4,RUN,1,-0.18426167242264357,-0.024852804233361434,0.07742591148025295
26,5,5,TUMBLE,1,0.0666785582599664,-0.013726949440407032,0.08133012883554043
26,6,8,RUN,3,-0.08234105111875677,-0.014392357286896064,0.09155877567911284
26,9,9,TUMBLE,1,0.13297359947252843,-0.031075130608201534,0.11155366950920356
26,10,14,RUN,5,0.02437258284850121,0.0005343503903737987,0.11386123445598106
26,15,15,TUMBLE,1,0.03411171047083994,0.0651804074185239,0.12300306670082628
26,16,16,RUN,1,-0.030478590822000134,0.019307355005252817,0.07642063319719877
26,17,18,TUMBLE,2,-0.07133176369609343,-0.022636469174760407,0.04746244776252041
26,19,19,RUN,1,-0.04816474920492882,-0.03516044287417069,0.057439858806250556
27,1,2,TUMBLE,2,,-0.12883077891952988,0.08277003229983196
27,3,3,RUN,1,0.14358843138351285,0.006155143057718112,0.09494876703253953
27,4,5,TUMBLE,2,0.07462129687465995,0.03628320459896169,0.09328509535253893
27,6,6,RUN,1,0.2265330731172101,0.07843056390426509,0.13417756966973535
27,7,7,TUMBLE,1,0.048048458967910795,0.040707856441352004,0.09302395271219381
27,8,8,RUN,1,-0.045351721506644044,0.023530980302458912,0.09012586138501957
27,9,9,TUMBLE,1,-0.12670467635615107,-0.008481905091498144,0.09138981311630177
27,10,10,RUN,1,0.008632549462197686,-0.042469774379304416,0.07427912280019473
27,11,17,TUMBLE,7,0.027544608874158688,0.0005530039246657252,0.10386890630320357
27,18,19,RUN,2,0.20902958524434942,0.0968734566702685,0.15477885109788875
28,1,1,TUMBLE,1,,0.08427177985680932,0.042135889928404675
28,2,2,RUN,1,,0.009589985008432741,0.03606560047457012
28,3,3,TUMBLE,1,-0.08170930303455487,-0.020676796906993377,0.04719504811039098
28,4,4,RUN,1,0.15611133128138585,0.021820973860508453,0.07693373098606941
28,5,6,TUMBLE,2,0.15138965995693263,0.07084225903167918,0.14752849989132033
28,7,7,RUN,1,-0.18498681521727364,0.015466702048723191,0.1430038480797163
28,8,9,TUMBLE,2,0.026714176272053566,-0.03243756900492967,0.1085508117481786
28,10,10,RUN,1,-0.0481888464736239,0.0028178546603797507,0.05436110857439123
28,11,12,TUMBLE,2,-0.055821026010579505,-0.02163798488715351,0.06061546412930928
28,13,14,RUN,2,-0.033118628117405846,-0.01361365372093094,0.043392317450361206
28,15,16,TUMBLE,2,-0.07774315471492768,-0.021127663786321135,0.07184646974177428
28,17,17,RUN,1,0.09431995198107722,-0.015858320768526727,0.09415573354793678
28,18,19,TUMBLE,2,-0.0016538717325711716,-0.023440495200177207,0.1366261759600536
29,1,3,TUMBLE,3,-0.16724743726365562,-0.012058769084465197,0.034828878746066154
29,4,4,RUN,1,-0.03254019139310845,-0.03587431276892106,0.06864417584160597
29,5,6,TUMBLE,2,0.03479963702882451,-0.011277628168754543,0.056446166397376915
29,7,8,RUN,2,0.06003281968410852,0.032845921554732996,0.05261794274530624
30,1,2,RUN,2,,0.03155431984839046,0.024714636891861902
30,3,6,TUMBLE,4,0.19741138032217853,0.06317977318455247,0.1664239903331241
30,7,8,RUN,2,-0.3308568796959396,-0.047484058643159396,0.32286615684436715
30,9,11,TUMBLE,3,0.06667330336530124,-0.007158599463203949,0.23670260009179958
30,12,12,RUN,1,-0.030539736124794534,0.029647769249522383,0.07235710525813017
30,13,13,TUMBLE,1,-0.29868964037200474,-0.06461927379369918,0.12058723447427766
30,14,14,RUN,1,0.018234736863824562,-0.05442044423881121,0.11758086223125658
30,15,16,TUMBLE,2,0.08867551045252994,-0.010804395024768305,0.11554819037559713
30,17,17,RUN,1,0.006481013908680076,0.05768878950368932,0.11542075022482735
30,18,19,TUMBLE,2,0.016415141976315033,0.020585985274589623,0.07924988694073187
31,1,7,TUMBLE,7,-0.02746605711000038,0.009450189070754192,0.0630536632145925
31,8,8,RUN,1,-0.02291772888646626,-0.008518706559762623,0.07180518606005626
31,9,10,TUMBLE,2,0.16225947787682107,0.07037443669581961,0.14115826219393113
31,11,11,RUN,1,-0.06334571920540108,0.012741470702446692,0.11469005633636889
31,12,14,TUMBLE,3,0.10817983548826647,0.029843627935459072,0.10191872836103975
32,1,1,TUMBLE,1,,-0.06793363046795002,0.03396681523397501
32,2,4,RUN,3,0.06731946714144092,-0.03087486094059692,0.057675237523569796
32,5,6,TUMBLE,2,0.037645799043535794,0.03876858046273358,0.07264398580497049
32,7,8,RUN,2,0.14113304755221498,0.04622161732308516,0.09267144828558443
32,9,9,TUMBLE,1,0.2902565893425873,0.09134343014110802,0.14952918555311392
32,10,10,RUN,1,0.0377184636381912,0.08504357328019237,0.145221493581621
33,1,1,TUMBLE,1,,-0.00526490625095799,0.002632453125478995
34,1,4,TUMBLE,4,-0.01461492045514684,0.0698748227762088,0.06803748064841819
34,5,5,RUN,1,0.2932759863077699,0.04536456428467101,0.12375027967291334
35,1,2,RUN,2,,0.015296144531859079,0.06481235752374805
35,3,3,TUMBLE,1,-0.08090938737162373,-0.04783033935374774,0.08143162575408226
35,4,4,RUN,1,0.15697629503491897,0.005502676900762119,0.09362973100155553
35,5,5,TUMBLE,1,0.15527412144343847,0.030632318038588666,0.10620871854723156
35,6,6,RUN,1,0.1125860531796347,0.07775468711246293,0.11858627655968144
35,7,8,TUMBLE,2,0.020154545303050553,0.0168523054074044,0.10576747147718976
35,9,9,RUN,1,-0.16599204399673353,-0.01642484280151587,0.12760458887334372
35,10,14,TUMBLE,5,0.031018256210501416,0.004274914746087463,0.1190113177762675
35,15,15,RUN,1,0.2761737090240289,0.06107519923957346,0.12681859917603572
35,16,16,TUMBLE,1,0.34946389121068067,0.14359458870196604,0.20558457584627346
36,1,1,TUMBLE,1,,0.11621344609582071,0.0581067230479104
36,2,2,RUN,1,,-0.016955110474418805,0.06428459599935334
36,3,3,TUMBLE,1,-0.048887818746030376,-0.021448389813576697,0.059560981281180994
36,4,7,RUN,4,-0.09694257096775924,-0.056610084380199856,0.0991761874639239
36,8,9,TUMBLE,2,-0.21969957854466557,-0.06220309226205836,0.1342944716501227
36,10,11,RUN,2,-0.04604695908630616,-0.07295723090318096,0.14559807766536562
36,12,13,TUMBLE,2,0.12539032959167282,0.05242445727588263,0.10710140592420953
36,14,14,RUN,1,-0.15095769148549423,0.007344398868632015,0.10829054176321445
36,15,19,TUMBLE,5,0.029885776717975276,0.006567204458287189,0.12316627974997314
37,1,1,RUN,1,,-0.022418678972134315,0.01120933948606715
37,2,7,TUMBLE,6,-0.012158806570927596,-0.0199268124147745,0.08369257552065658
37,8,11,RUN,4,-0.016391324025414704,-0.006723705886551196,0.07258173893880553
37,12,12,TUMBLE,1,-0.15025977421526554,-0.06251848749715701,0.10257392545228805
37,13,13,RUN,1,0.17295853646998227,0.012549089663557814,0.08831448411646252
37,14,14,TUMBLE,1,-0.046148042205483755,0.0004448825231031884,0.0903555026167502
37,15,16,RUN,2,0.11735430834117666,0.05035975232437799,0.11947892188593665
37,17,17,TUMBLE,1,-0.2742806139800415,-0.046845655283240674,0.13711687372952328
37,18,18,RUN,1,0.07171379499365438,-0.0051026976423107695,0.13422729471436548
37,19,19,TUMBLE,1,0.09096376377545369,-0.015028459693679386,0.12960863241022433
38,1,3,TUMBLE,3,-0.3210990851564238,-0.04691396323266778,0.05650741389855533
38,4,4,RUN,1,0.2912374686370236,-0.002504613668689549,0.16283358138819673
38,5,5,TUMBLE,1,0.04164132787557409,0.01428710523616777,0.16119235967878295
38,6,6,RUN,1,0.03518355458446018,0.033990667238171214,0.15940715467318717
38,7,7,TUMBLE,1,-0.17748014923933808,0.018376115380044,0.16301471708468193
38,8,8,RUN,1,-0.17643400678091417,-0.09322848017695112,0.13670247725702825
38,9,9,TUMBLE,1,-0.18509890429728515,-0.08013036842402128,0.11641623452745714
38,10,10,RUN,1,-0.02522114252438594,-0.06450372600120674,0.1032225524629523
38,11,15,TUMBLE,5,-0.029463963552944738,-0.02120694640112559,0.09722977939131805
38,16,16,RUN,1,0.1549324546600432,0.04594205516424443,0.10019150599924116
38,17,17,TUMBLE,1,0.16809130457658827,0.0429929586270367,0.0962907220207014
38,18,18,RUN,1,-0.12189706248194762,0.02802348967780097,0.10203171660501043
38,19,19,TUMBLE,1,-0.13704454364815472,-0.01557745783010965,0.09916473246115606
40,1,2,TUMBLE,2,,0.07540888393716916,0.0530688986580892
40,3,3,RUN,1,-0.030117078554874915,0.004653576954802779,0.043434476683231395
40,4,7,TUMBLE,4,0.05922865221411689,0.02835880292267156,0.09813431578341532
40,8,10,RUN,3,-0.07446588508184357,-0.024766430162459368,0.1105521892617346
40,11,11,TUMBLE,1,0.20478571779934143,0.017781231656798648,0.12140413881249232
40,12,13,RUN,2,0.009393485092470448,0.022093836884886812,0.11627282523624474
40,14,19,TUMBLE,6,0.006604622343629275,-0.004973029291882152,0.09944713857299076
41,1,3,TUMBLE,3,-0.020791685084227587,-0.01261633267793501,0.05269142901970545
41,4,4,RUN,1,0.19677852535084123,0.02261068446659547,0.09325366782050329
41,5,5,TUMBLE,1,0.04450226076454854,0.026450291966903492,0.09397853840733729
41,6,7,RUN,2,-0.058048275880803996,0.019389688857274368,0.08677617725039796
41,8,8,TUMBLE,1,0.054310796014001156,-0.025064549943088685,0.0662058408792858
41,9,9,RUN,1,-0.15742185088870625,-0.032636479522353254,0.077995405175289
41,10,11,TUMBLE,2,-0.03361373362806946,-0.037242801857013216,0.09949963195660952
41,12,12,RUN,1,-0.0418843215996432,-0.030303984998265088,0.0998862007836391
41,13,14,TUMBLE,2,0.012288813638946345,0.015751172357948116,0.0692654862500853
41,15,15,RUN,1,-0.01925040310105702,-0.019757269278493927,0.05286717211739016
41,16,16,TUMBLE,1,0.10959795157048893,0.0271340317132478,0.057195655877679365
41,17,17,RUN,1,0.14634778914057944,0.03948093426224271,0.07434460292604225
41,18,19,TUMBLE,2,-0.022450547990659805,0.021735594304421273,0.07607611667132302
42,1,1,RUN,1,,-0.2846493507587088,0.14232467537935442
42,2,2,TUMBLE,1,,-0.1898891789140386,0.16135068155623344
42,3,3,RUN,1,-0.06828142509832517,-0.09644009909511304,0.142827598940188
42,4,10,TUMBLE,7,0.05490638061080694,0.0105654931083501,0.09044686641694441
42,11,12,RUN,2,0.11960235511785333,0.07767543722466694,0.1429776280661596
43,1,2,TUMBLE,2,,-0.0009052478813635773,0.020080581215598924
43,3,3,RUN,1,-0.118653815343397,-0.04514416708288306,0.05723844470836769
43,4,4,TUMBLE,1,-0.042047734159759056,-0.03352987289494744,0.05568917517946843
43,5,5,RUN,1,-0.03516479708803852,-0.03383656514554773,0.05596273401016985
43,6,7,TUMBLE,2,0.05924869194114059,0.025380777041888368,0.09534903950441219
43,8,8,RUN,1,-0.11870705813423546,-0.017801346258288626,0.10474027675690675
43,9,10,TUMBLE,2,-0.04999108287397981,-0.0545025922904199,0.12413884638585965
43,11,11,RUN,1,0.06744555250051568,0.014527430494453174,0.05187728836800418
43,12,13,TUMBLE,2,0.02373734031035716,0.022219119307555452,0.057790184227273035
43,14,14,RUN,1,0.08662741484775206,0.020141944731506146,0.04750156247309973
43,15,15,TUMBLE,1,0.052042324204176295,0.028629568502638633,0.05237671294319516
43,16,16,RUN,1,-0.03930663154460927,0.020475660741722964,0.05076347620198565
43,17,18,TUMBLE,2,-0.09199080378256454,-0.030788539933394265,0.049993748780827796
43,19,19,RUN,1,0.08822075965895913,-0.011398563307987617,0.05482446132013332
44,1,5,TUMBLE,5,-0.010213709090805476,0.0012518773035708115,0.06135702853351747
44,6,6,RUN,1,-0.09190742037662333,-0.03409163894922518,0.1038849274308761
44,7,7,TUMBLE,1,-0.06857233419149009,-0.0687910511590241,0.11591219978837543
44,8,8,RUN,1,-0.054425048862459136,-0.02617669911394066,0.03984032142412273
44,9,10,TUMBLE,2,-0.06929236000038672,-0.023704346874862194,0.05764304170624894
44,11,13,RUN,3,0.024240220526268702,5.369610093317913e-05,0.08954498694287243
44,14,15,TUMBLE,2,-0.022466928752748343,-0.0119470695787775,0.07842234415941049
44,16,16,RUN,1,0.04792015646392962,-0.005271427173465244,0.05134531288650433
44,17,18,TUMBLE,2,-0.07939832383484487,-0.014069553860142362,0.047430530124850656
44,19,19,RUN,1,-0.03113849824298569,-0.026272767043212974,0.048256011758907445
45,1,3,TUMBLE,3,0.2862455288456798,0.05465566115830195,0.14655107150185878
45,4,5,RUN,2,-0.02509763566208903,0.06693966689922826,0.17183022808095805
45,6,10,TUMBLE,5,-0.017461843508410357,-0.041378444558302564,0.17073613115466965
45,11,11,RUN,1,0.15279256858164125,0.13778404147414938,0.2149077411129007
46,1,1,TUMBLE,1,,-0.03852028150642842,0.019260140753214222
46,2,2,RUN,1,,-0.009754283797826271,0.015726275121570085
46,3,4,TUMBLE,2,-0.008563678883249638,-0.0024999881756027657,0.019417194755787313
46,5,5,RUN,1,0.07635023162796228,0.014253932761976906,0.03734651956997922
46,6,6,TUMBLE,1,0.14128605002427153,0.03688753793266695,0.06802227115064145
46,7,9,RUN,3,-0.043673130691705385,0.01774475026102789,0.07985877457349148
46,10,12,TUMBLE,3,0.0065910905120487445,-0.015089212498571087,0.100733551594221
46,13,13,RUN,1,0.1556106994162703,0.044285612484618146,0.12267616766088091
46,14,19,TUMBLE,6,-0.03119819009431006,-0.007653430628189795,0.09115788739693742
47,1,1,TUMBLE,1,,0.24323972274142458,0.12161986137071232
47,2,2,RUN,1,,0.10123291279839346,0.10636440713273045
47,3,4,TUMBLE,2,0.16306246535170466,0.10827554170181256,0.15434833639197654
47,5,5,RUN,1,-0.23684211146005624,-0.018938242673117524,0.12117654801084457
47,6,7,TUMBLE,2,-0.11396513776007328,-0.07547908538613296,0.14875477196035528
47,8,8,RUN,1,0.20399960028960165,0.0036977174315824743,0.10990982213416851
47,9,10,TUMBLE,2,0.16118438202443885,0.09100110174880131,0.1384119608391331
47,11,11,RUN,1,-0.2573877079904785,-0.004318043288142853,0.12096539472899821
47,12,14,TUMBLE,3,-0.18499537584064996,-0.09118504199486006,0.1527576694352494
47,15,15,RUN,1,-0.21666940982580135,-0.08691594895346162,0.14345355406090907
47,16,18,TUMBLE,3,0.024955630600692114,-0.015029121224898348,0.12435487311436617
47,19,19,RUN,1,0.08006782143862112,0.026389199633595133,0.11843032867424728
48,1,3,TUMBLE,3,-0.08457695787411719,0.15512592053754928,0.1721491552065372
48,4,4,RUN,1,0.024291815921061805,0.015406181934598714,0.13684947115622512
48,5,7,TUMBLE,3,-0.023406641332854344,-0.0020694339960783824,0.09844964766745158
48,8,8,RUN,1,0.1321914504342446,-0.0028252872574023053,0.1105411220879215
48,9,11,TUMBLE,3,0.0623342344328533,0.02421502062364746,0.12362549519170667
48,12,12,RUN,1,-0.00934264524195319,0.009062678296006967,0.09370549124111113
48,13,13,TUMBLE,1,0.09208935382108119,0.03244217472232078,0.10029702736029326
48,14,14,RUN,1,-0.1873509471259077,0.0010291237167728185,0.1128715741466061
48,15,16,TUMBLE,2,-0.10336696564150863,-0.04621499933839536,0.09785043579655933
48,17,18,RUN,2,0.16192209401660546,0.010015620999704896,0.11361983272786758
48,19,19,TUMBLE,1,0.15946616080662787,0.0630861674784435,0.13068592217808805
49,1,1,TUMBLE,1,,0.1888831025325773,0.09444155126628873
52,1,1,RUN,1,,0.126569517862836,0.06328475893141802
52,2,3,TUMBLE,2,-0.08941341082958755,-0.010521021735163132,0.06055543895867342
52,4,4,RUN,1,-0.14862618632931157,-0.04080526442679324,0.0799387216767288
52,5,7,TUMBLE,3,-0.007563874407008085,-0.030281072732881924,0.05644621053567641
52,8,9,RUN,2,0.1507857886885829,0.05066271502094512,0.07745986774661616
52,10,10,TUMBLE,1,0.15849521067173056,0.07572755133297025,0.10866915523147562
52,11,13,RUN,3,-0.1112681640360871,-0.0058818172851219765,0.10150454639635138
52,14,14,TUMBLE,1,-0.10172333916821524,-0.07839258163102011,0.12476385289839236
52,15,15,RUN,1,-0.09491155697020731,-0.06922740715697517,0.11376623623724248
52,16,18,TUMBLE,3,0.04017624530717449,0.011432094904583417,0.07505561106359267
52,19,19,RUN,1,0.16821493710113172,0.04789136197462182,0.12624071164871384
53,1,1,TUMBLE,1,,-0.05911226917951151,0.029556134589755728
54,1,1,TUMBLE,1,,-0.14790750660767799,0.07395375330383899
54,2,2,RUN,1,,-0.13876240039303167,0.1133810137507699
54,3,4,TUMBLE,2,-0.22216095082031184,-0.11607049989966615,0.14953092419252836
54,5,6,RUN,2,-0.07206827508027097,-0.06173753127012148,0.11181716487317286
54,7,10,TUMBLE,4,0.07763952241456604,0.002060137873120784,0.11187064734044222
54,11,11,RUN,1,-0.08044326404139725,0.05049753732098795,0.13606045133865155
54,12,13,TUMBLE,2,-0.024811525858154257,-0.005104933767032556,0.10132262665359641
54,14,14,RUN,1,-0.14565597524844034,-0.04756374765021433,0.10232271762538232
54,15,16,TUMBLE,2,0.035586115881399,-0.005619838587389124,0.07264713592636783
54,17,17,RUN,1,0.07530084196161571,0.010697181085826539,0.07842264703045514
54,18,18,TUMBLE,1,-0.048999850380374126,0.028466851562203015,0.06772647626083196
54,19,19,RUN,1,0.03307035948808691,0.009767936498629448,0.04185172123180517
55,1,1,TUMBLE,1,,0.08799260835358357,0.04399630417679179
55,2,2,RUN,1,,-0.03065407831423453,0.061275432468916015
55,3,10,TUMBLE,8,0.000992115974350215,0.0015986455881632216,0.06506394042351682
55,11,11,RUN,1,0.18186705770051326,0.026375398107362096,0.097771048129888
55,12,12,TUMBLE,1,-0.05993552107542864,-0.003307976592501132,0.0995591750277279
55,13,13,RUN,1,0.1823802870311896,0.05934837071233106,0.12413898828432912
55,14,14,TUMBLE,1,-0.03908365232631401,0.02682718925084781,0.10587778391809706
55,15,15,RUN,1,-0.05677849363057615,-0.018021395601080507,0.0943651876950826
55,16,16,TUMBLE,1,0.05702211230562239,0.02219370339739976,0.09211437237211952
56,1,2,TUMBLE,2,,-0.08633918204068601,0.0605204720703128
56,3,4,RUN,2,-0.12852673437285467,-0.05559002679692031,0.08114921284709589
56,5,5,TUMBLE,1,0.04252867180911872,-0.02037344314134034,0.06531953742687707
56,6,6,RUN,1,0.18899117148864547,0.01877657687113917,0.08996496325367895
56,7,7,TUMBLE,1,0.12177365917361714,0.06004960729117996,0.10048827614337229
56,8,8,RUN,1,0.07837330349995647,0.07111791377599411,0.1093617945598802
56,9,10,TUMBLE,2,0.020245286875865853,0.02753902212590715,0.05205139810974933
56,11,13,RUN,3,-0.1020098687882226,-0.019125821629268555,0.07583141011275413
56,14,15,TUMBLE,2,-0.005167734793899009,-0.06246658802989251,0.1388414815820208
56,16,16,RUN,1,0.20251043133365404,0.03440387882030676,0.11946631177090221
56,17,17,TUMBLE,1,-0.17562758987492863,0.02983900666784534,0.12288350905101049
56,18,18,RUN,1,-0.025711217413609683,-0.0006471804380182789,0.10508333138091247
56,19,19,TUMBLE,1,0.18237915397015925,0.007061392943598217,0.11319664495950824
57,1,3,TUMBLE,3,-0.2038791478412832,-0.04694021524019684,0.0753061182663692
57,4,4,RUN,1,-0.13013120256560776,-0.05699949958480378,0.1123669684316617
57,5,9,TUMBLE,5,-0.01047362985744129,-0.011351733580348583,0.08270774217917591
57,10,10,RUN,1,-0.029654694029176837,-0.03235100551665636,0.07134876332668613
57,11,13,TUMBLE,3,0.06770752016476184,0.012570083136944065,0.05326707604171327
57,14,14,RUN,1,-0.14224777780765735,0.0033667390538567013,0.07970828946447255
57,15,15,TUMBLE,1,0.11300096421603878,0.01882098959510194,0.09161128046822498
57,16,16,RUN,1,0.13343452452995574,0.03606841363202304,0.10609766653362553
57,17,19,TUMBLE,3,-0.13178213701637964,-0.013402620613523366,0.11780254665297407
59,1,1,RUN,1,,-0.18726578886696832,0.09363289443348416
59,2,2,TUMBLE,1,,-0.19408429695183643,0.15850175955726403
59,3,4,RUN,2,-0.021421947403193902,-0.0807222904172634,0.1352123278152799
59,5,10,TUMBLE,6,-0.026286349365435488,-0.011118625783827898,0.07152504288069832
59,11,14,RUN,4,0.03116490088485937,0.009228590552491084,0.053098920600083796
59,15,16,TUMBLE,2,0.07645787944899791,0.029993510108462396,0.058005997013106145
59,17,17,RUN,1,0.02947169158881581,0.022600277989346232,0.05749049185697537
59,18,18,TUMBLE,1,-0.000629927201398206,0.02508329287932581,0.0580340125783481
59,19,19,RUN,1,-0.044077892858702505,0.0029410232389363265,0.04610845044201402
60,1,2,TUMBLE,2,,0.07384852088809295,0.05261259609240734
60,3,3,RUN,1,-0.059051738261457515,-0.004941646937067712,0.048321056391486455
60,4,4,TUMBLE,1,-0.21798489993726058,-0.04306018291301889,0.0919669722948723
60,5,5,RUN,1,0.05166687153255789,-0.041198457084694905,0.0921337968014916
60,6,9,TUMBLE,4,0.04018820711412599,-0.0033739171494248862,0.11179751082109522
60,10,10,RUN,1,0.025512413867090106,0.07186538879044296,0.11947159411282426
60,11,11,TUMBLE,1,-0.0931531183113648,0.0072312073316910894,0.05974601704444746
60,12,12,RUN,1,-0.17917624949477742,-0.053957951115274856,0.08421063736249877
60,13,19,TUMBLE,7,-0.005926224655675496,-0.00923805312589027,0.07055231480770864
61,1,1,TUMBLE,1,,-0.09777396507924757,0.048886982539623786
61,2,2,RUN,1,,0.01943142803157774,0.05748399846972346
61,3,4,TUMBLE,2,-0.0661739094436045,-0.027080297829725833,0.07518356879573233
61,5,6,RUN,2,-0.05703585465153306,-0.028213417672628145,0.07399225710039531
61,7,11,TUMBLE,5,0.052916208288527944,0.018607034139193544,0.08129721602739871
61,12,12,RUN,1,0.09831377652593828,0.054761181314928235,0.10046387775846155
61,13,15,TUMBLE,3,-0.0576697126472605,-0.01306568528834434,0.06330729214984993
61,16,17,RUN,2,-0.06774526137370435,-0.03057384697494398,0.06113230998524874
61,18,19,TUMBLE,2,0.15175626470675455,0.03480650823085696,0.11069203514534079
62,1,1,RUN,1,,-0.1424581174964461,0.07122905874822306
62,2,3,TUMBLE,2,0.22140941068576708,-0.009468599700640096,0.08656968265435239
62,4,4,RUN,1,-0.08470344681209935,0.0018910122094597374,0.10577760639779922
62,5,6,TUMBLE,2,-0.10780438241305407,-0.011232136980030212,0.10902077562220765
62,7,7,RUN,1,0.033665350254263766,-0.054939387226383404,0.11419600005565707
62,8,8,TUMBLE,1,0.17180376421416288,0.03142446741338256,0.08403337834300466
62,9,10,RUN,2,-0.15751419001765815,-0.0023436737786313878,0.1126998070332059
62,11,13,TUMBLE,3,0.06095518890318361,-0.026589815457313922,0.13097867635038932
62,14,14,RUN,1,-0.018941273075488693,0.05457280242811692,0.10523621368702692
62,15,17,TUMBLE,3,0.022968075762943633,0.0037087397294929335,0.04028321494698724
62,18,19,RUN,2,-0.02603309543129841,0.0007594526409617371,0.0522708935640058
63,1,3,TUMBLE,3,-0.023014175347653,-0.04989986773742009,0.1255071615840697
63,4,5,RUN,2,-0.05470053927377949,0.021090578572713074,0.14335691355977742
63,6,7,TUMBLE,2,0.019242973277565547,-0.03053849450564583,0.12448827442959276
63,8,8,RUN,1,0.02679629394821319,-0.018576048911594267,0.11614010848806051
63,9,11,TUMBLE,3,-0.06884213544462563,-0.018508403792857158,0.06461300349358355
63,12,13,RUN,2,-0.03801354309066969,-0.0189358148709586,0.03373183837958687
63,14,14,TUMBLE,1,0.3532182953729148,0.057142583739736526,0.1382592921364841
63,15,15,RUN,1,0.291073650502776,0.11229045757158305,0.18578576403117536
63,16,17,TUMBLE,2,0.15784740638426914,0.13759320427994784,0.222587269346034
63,18,18,RUN,1,-0.2786525336750636,-0.030869534699966266,0.132917406283647
63,19,19,TUMBLE,1,-0.329983758406437,-0.1067542176901456,0.18595744860255628
64,1,2,TUMBLE,2,,0.37008514614526933,0.2482009236735556
64,3,3,RUN,1,0.2907341444351126,0.1690352330410681,0.2346000132771713
64,4,6,TUMBLE,3,-0.32601219696300143,-0.09235097674240018,0.2782488168147606
64,7,8,RUN,2,0.11606308671644852,-0.002303311038109955,0.18109915302638596
64,9,9,TUMBLE,1,0.4667273694046039,0.10901761184495483,0.19377268542046255
64,10,10,RUN,1,-0.39109458996036167,0.021450581935903438,0.2278195694168141
64,11,11,TUMBLE,1,-0.2282524079169072,-0.05637510239806087,0.23146003394576428
64,12,12,RUN,1,-0.049156870182126625,-0.07185679189861238,0.23224657545434824
64,13,13,TUMBLE,1,0.5908165557905851,0.02341783846809638,0.2928645160716119
64,14,14,RUN,1,-0.2501941578559439,0.0751489641821072,0.24715239865887337
64,15,16,TUMBLE,2,-0.14424485539836926,-0.02960927966043265,0.22410822668972324
64,17,17,RUN,1,0.5111746001353291,0.00418782221654536,0.2633851860513232
64,18,18,TUMBLE,1,0.3659994795611163,0.1746482421501004,0.26478443856331474
65,1,2,TUMBLE,2,,0.14634300382385718,0.09763243355123383
65,3,3,RUN,1,0.1053438719596175,0.06473005132560686,0.09055631245952103
65,4,4,TUMBLE,1,0.04056643690122533,0.05057856050886473,0.08881040472471616
65,5,5,RUN,1,-0.11910546480599751,-0.015519992478112978,0.05410391806539244
65,6,7,TUMBLE,2,0.08706628070810453,0.0163889460520191,0.07771090556105878
65,8,9,RUN,2,-0.10874832985196314,-0.012712854451362658,0.0918502049582858
65,10,10,TUMBLE,1,0.03827119466020159,-0.03753437615380804,0.08110804975907603
65,11,11,RUN,1,-0.11744559356600608,-0.03547722793416288,0.07801349023827461
65,12,12,TUMBLE,1,0.030427638214856976,-0.0011632192647629434,0.05701839858506992
65,13,13,RUN,1,0.0002185763053131201,-0.005806210257678859,0.05630516258682312
65,14,15,TUMBLE,2,0.29669996696135303,0.07730036418414013,0.14146455667504582
65,16,18,RUN,3,-0.19358831600228368,-0.026762787947395724,0.20397206153514866
65,19,19,TUMBLE,1,0.13045556960748722,-0.05777291959123422,0.2008388899369634
66,1,2,TUMBLE,2,,0.015352864390874726,0.04676998413499851
66,3,4,RUN,2,0.08484198214859505,0.00011073728788676442,0.07479108996134416
66,5,7,TUMBLE,3,0.0865700029896669,0.061432336400679834,0.1144534275858314
66,8,8,RUN,1,-0.17664033678914065,-0.03407504776679271,0.07616668918788562
66,9,12,TUMBLE,4,-0.04938577461407127,-0.03817192350324794,0.06636405022164538
66,13,13,RUN,1,0.008531286010026756,0.0019095157574984412,0.00785183421180068
66,14,14,TUMBLE,1,-0.018998519919136453,-0.0041598563434983105,0.010308318628088058
66,15,15,RUN,1,-0.0734321276324256,-0.017905995040234268,0.03215858549965626
66,16,16,TUMBLE,1,-0.1318580025167471,-0.039070588758823716,0.06221424201571065
66,17,17,RUN,1,-0.030387516796829578,-0.039448522201984436,0.06247209350520926
66,18,18,TUMBLE,1,-0.09293481747423489,-0.042624500427807584,0.0668129327476845
66,19,19,RUN,1,-0.13724971076555098,-0.0492524019185791,0.07723596406779924
68,1,2,TUMBLE,2,,0.16033636498233317,0.1074811197897779
68,3,3,RUN,1,0.13259699350209658,0.10832886404382844,0.1343965727149093
69,1,1,TUMBLE,1,,0.028570020787928863,0.014285010393964431
69,2,2,RUN,1,,-0.05568601777175846,0.06037269021963365
69,3,4,TUMBLE,2,0.07686788959433814,-0.0013784184680906923,0.06245650595191272
69,5,5,RUN,1,0.0032767379714001843,0.01601157002917564,0.07258012871852491
69,6,7,TUMBLE,2,-0.1683196386316531,-0.031767626837749426,0.09905211848540252
69,8,8,RUN,1,0.12620132745784637,-0.03527048600705857,0.1073151625623369
69,9,9,TUMBLE,1,0.20169056566746602,0.03812613847271746,0.10370118112137865
69,10,10,RUN,1,-0.1751333835118003,0.019869412300257933,0.11618725493579696
69,11,12,TUMBLE,2,0.04698671648663674,0.003931597043571938,0.10520580966557624
69,13,13,RUN,1,-0.11728005995372418,-0.030924882964731726,0.11505697232320185
69,14,16,TUMBLE,3,0.010669657120489602,-0.00436734768083618,0.08074714149691023
69,17,18,RUN,2,-0.013831596641153524,0.004528205934786189,0.048415432521687285
69,19,19,TUMBLE,1,-0.24189285221979875,-0.0461491683625846,0.09676199366583112
70,1,4,TUMBLE,4,-0.015290483054186288,-0.010194919620714662,0.04268644921516673
70,5,5,RUN,1,0.105397235022826,0.015867075037879663,0.07285556214325357
70,6,6,TUMBLE,1,-0.05248336930943481,0.016193393579711845,0.07269600255312662
70,7,7,RUN,1,-0.03576852001462982,0.01214343113713501,0.07215805176448561
70,8,9,TUMBLE,2,-0.17209297382231847,-0.05707998217898248,0.09297860175500838
70,10,10,RUN,1,0.11273118645029911,-0.023553609616563543,0.11009760938259101
70,11,19,TUMBLE,9,0.022706171986169175,0.011695267353086809,0.11099725116032769
72,1,2,TUMBLE,2,,-0.06228716504748386,0.12069094530770227
72,3,3,RUN,1,0.2698016200129163,0.1105652015285663,0.1696622247249807
72,4,13,TUMBLE,10,-0.008913507709977547,0.0036573347032276228,0.11623853092043827
72,14,14,RUN,1,-0.05767156389096585,0.006836438320979016,0.04161129933396298
72,15,15,TUMBLE,1,0.21682508621020669,0.04576876946953744,0.10038999760008264
72,16,17,RUN,2,0.059659187626706765,0.04345471364088617,0.09891308572846766
72,18,19,TUMBLE,2,-0.11514683505725738,-0.018805249832319095,0.08631097434792809
73,1,6,TUMBLE,6,0.026574188387731096,0.0003180758455188116,0.08306889555093903
73,7,7,RUN,1,-0.02318570666071934,0.05179497522176215,0.10913048297141661
73,8,9,TUMBLE,2,-0.07509298288112824,-0.022335102321631942,0.151608592579272
73,10,10,RUN,1,0.025582131969518113,-0.02423879313810302,0.15626426904261542
73,11,13,TUMBLE,3,-0.057314137264622235,-0.013210410201538838,0.11950713119743023
73,14,14,RUN,1,0.05594013245107857,-0.002114871090648905,0.03445764325269908
73,15,18,TUMBLE,4,0.02350869924012006,0.009651636841477074,0.03652370116438316
73,19,19,RUN,1,-0.0836416914027248,0.004208073298386804,0.054171958076923946
74,1,1,TUMBLE,1,,0.29352205473158866,0.14676102736579438
74,2,3,RUN,2,-0.1633316039334057,0.00788135367474976,0.12502472156781874
74,4,10,TUMBLE,7,-0.04662818972076895,-0.025918607496260855,0.06999536778230807
74,11,11,RUN,1,-0.08087695583196862,-0.030793923852639044,0.05354041414309521
74,12,12,TUMBLE,1,-0.0988767593663463,-0.0446723382556984,0.0680575412500876
74,13,14,RUN,2,0.053423159505821875,-0.010186456771349859,0.05183044846335565
74,15,16,TUMBLE,2,0.15234939989665586,0.06078875256082759,0.09278773658665512
74,17,17,RUN,1,0.05727996739516633,0.05863016760602242,0.08811486878141868
74,18,19,TUMBLE,2,-0.10488277927977205,-0.023579535846821327,0.09324391556503425
77,1,1,RUN,1,,0.033728065400518314,0.016864032700259185
79,1,2,RUN,2,,0.10211681649759405,0.07097282686993314
79,3,3,TUMBLE,1,0.26479836695869413,0.12778974403974336,0.14383047524918074
80,1,1,TUMBLE,1,,0.036000949027211765,0.018000474513605903
80,2,2,RUN,1,,-0.0174057997150397,0.028910461014726937
80,3,8,TUMBLE,6,-0.013459720995843796,-0.025840485426424545,0.11390537792421755
80,9,9,RUN,1,0.3547620304929398,0.11677988934127374,0.22464402095692515
80,10,11,TUMBLE,2,0.015146634510600845,0.10139075369012417,0.1951458861533042
80,12,12,RUN,1,-0.20419803086581473,-0.05105713474951383,0.09318408904619183
80,13,15,TUMBLE,3,-0.07522905693843,-0.05230467306956016,0.09238509909700793
80,16,16,RUN,1,-0.0013358480248343851,-0.009828994100380236,0.03459219715688903
80,17,17,TUMBLE,1,-0.011970908180848262,-0.011971657026496331,0.035237299788965455
80,18,19,RUN,2,0.09824341192950892,0.010203403391031873,0.09048126947502946
81,1,2,TUMBLE,2,,0.08924013703355103,0.06193691484236216
81,3,3,RUN,1,0.029940633897573656,0.02609486455137132,0.05022095415737472
81,4,7,TUMBLE,4,-0.02082364115031364,-0.0009804333760037587,0.09701622473826631
81,8,10,RUN,3,0.03604130908347061,-0.0072880140122444995,0.11891080116613019
81,11,11,TUMBLE,1,-0.004236806855230063,0.027060958512383472,0.11595115434588364
82,1,2,TUMBLE,2,,0.1072613459532677,0.0712714003406867
82,3,4,RUN,2,-0.04804644325260506,0.0006846801805746955,0.06463775996872517
82,5,5,TUMBLE,1,-0.0930475546662476,-0.03889168430155342,0.06669756336794407
82,6,6,RUN,1,-0.010037797200156746,-0.025031595770716224,0.053843078455442665
82,7,11,TUMBLE,5,0.03670204232574886,0.0192728972694561,0.06874549937827416
82,12,12,RUN,1,0.013869177182674157,-0.014262931643967882,0.04719139762247262
82,13,16,TUMBLE,4,0.008487767388196513,-0.009237126524429073,0.09733350509029817
82,17,17,RUN,1,0.006054707646542895,0.05653475397658617,0.10223404043568386
82,18,19,TUMBLE,2,0.033782120612938206,0.00790256309577543,0.032407425844569446
83,1,2,TUMBLE,2,,0.14132294426069478,0.09068990501394018
83,3,3,RUN,1,-0.2371689863419422,-0.030030786804380472,0.1296918064083142
83,4,11,TUMBLE,8,-0.01560509848172343,-0.015156848685179124,0.09539229918223563
83,12,12,RUN,1,0.11151177163769405,0.021596922541892452,0.06062472377922651
83,13,15,TUMBLE,3,-0.09930232452216532,-0.020188232245280466,0.10673250753775898
83,16,17,RUN,2,0.1666840685258115,0.020857031925828905,0.13865326571391742
83,18,18,TUMBLE,1,0.04526814646109174,0.08168288575373849,0.14223025656016597
83,19,19,RUN,1,0.3076901982111895,0.08464804445481341,0.14768965242404997
84,1,5,TUMBLE,5,-0.03489167826893667,0.10173622244546705,0.15687781422375657
84,6,7,RUN,2,0.04841031333127119,-0.03914795852091739,0.16636301794562694
84,8,8,TUMBLE,1,-0.17159355105131519,-0.024828504950736487,0.12871334412351604
84,9,9,RUN,1,0.18904578000309277,0.042439729203246776,0.15371617722518072
84,10,10,TUMBLE,1,-0.1181477724045982,-0.032488570946941873,0.137722862297324
84,11,12,RUN,2,0.059863583167900684,0.015444790113225297,0.1345007520828426
84,13,16,TUMBLE,4,0.11250352682220392,0.06928781440063284,0.1504776505378583
84,17,18,RUN,2,0.03592138793108493,-0.03125165591208955,0.13093823697110774
85,1,5,TUMBLE,5,0.010000350774162003,0.006926278415862236,0.02550638309302682
85,6,6,RUN,1,0.18297123754826716,0.04625474663781394,0.08471363518836263
85,7,9,TUMBLE,3,0.005054133917527015,0.030182488624021068,0.0918474594408772
85,10,12,RUN,3,0.018371116742255795,-0.01868273318104582,0.10491794122076765
85,13,14,TUMBLE,2,0.2035817672429635,0.07962341588671629,0.14648292041351085
86,1,1,TUMBLE,1,,0.032715122122879386,0.016357561061439707
86,2,2,RUN,1,,-0.07300839777622001,0.07770048061828702
86,3,7,TUMBLE,5,-0.07347030203712793,-0.04844191462502907,0.1232220228402208
86,8,8,RUN,1,-0.04753228222398004,0.00012643174089681415,0.1022772713041325
86,9,11,TUMBLE,3,-0.005574328375346052,-0.01804310289005468,0.05519214535989525
86,12,12,RUN,1,0.061566943255443755,0.01348902194254338,0.04023497998935981
86,13,13,TUMBLE,1,-0.017996512597484846,0.018755053914935704,0.03949932334291375
86,14,14,RUN,1,-0.12284136884208538,-0.024041943922633407,0.050658115937478085
86,15,19,TUMBLE,5,0.017570670993865754,-0.000565558271275713,0.058425966198877785
87,1,2,TUMBLE,2,,-0.3437810215903706,0.22078289130757234
87,3,4,RUN,2,0.08854876058653963,-0.08721563620491582,0.2016192578190768
88,1,1,TUMBLE,1,,0.09341177162533652,0.04670588581266829
88,2,2,RUN,1,,-0.00938142984571517,0.049058867012596805
88,3,6,TUMBLE,4,-0.07464436750758785,-0.030948282191684953,0.09019834269973898
88,7,7,RUN,1,0.32248935432998305,0.026019448591065218,0.14149604124402043
88,8,14,TUMBLE,7,0.007336607512732245,0.01558680794537594,0.11051375513447621
88,15,15,RUN,1,-0.00014207851224999624,-0.0042537541446443705,0.09022187992319765
88,16,18,TUMBLE,3,-0.004036208104543919,0.011238384811385263,0.09405606456163042
88,19,19,RUN,1,0.03626790137962427,0.004717263759024338,0.07995390402120997
89,1,2,TUMBLE,2,,0.08644043565584955,0.11681139311328524
89,3,3,RUN,1,0.05438123355568797,-0.0005655108478801058,0.11170091641066127
89,4,5,TUMBLE,2,0.09633581253214335,0.032590407545383684,0.1481870994021745
89,6,8,RUN,3,-0.2570834665963041,-0.11033989142288646,0.2377699911645197
89,9,9,TUMBLE,1,-0.13600515962804582,-0.07254770786896328,0.15453577656307288
89,10,10,RUN,1,-0.10750361292829487,-0.02436608041669594,0.08392154756568893
89,11,15,TUMBLE,5,0.10325387051020293,0.035317097964189186,0.12044453523292595
89,16,16,RUN,1,-0.021529970401356624,0.03478259392486294,0.09417939221772577
89,17,19,TUMBLE,3,-0.05760581718415156,-0.027087757741725962,0.049494138139223105
90,1,3,TUMBLE,3,-0.05718597229867178,0.005210112738514399,0.11340073003108403
90,4,4,RUN,1,-0.10859689452402338,-0.006171249235925654,0.12298166539164443
91,1,1,TUMBLE,1,,0.14457464844797877,0.07228732422398941
91,2,4,RUN,3,-0.06401441156944823,-0.005464420748060489,0.06780391687272279
91,5,5,TUMBLE,1,-0.00584753129861415,-0.038512062266603454,0.07609362614036466
91,6,6,RUN,1,-0.08508191235718723,-0.026053619603283795,0.05870333030066092
91,7,8,TUMBLE,2,0.011637097306208474,-0.005955643053360133,0.04893448085646651
91,9,9,RUN,1,-0.03064566430761716,-0.013087740586334698,0.0396065628692578
91,10,12,TUMBLE,3,0.05125350897919769,0.006315566262132141,0.04267243182651107
91,13,15,RUN,3,0.006861141315699047,0.011041780080807277,0.06422397968345084
91,16,17,TUMBLE,2,0.0868884042651437,0.027129260125398017,0.0913617457623005
91,18,18,RUN,1,-0.10870431262239016,0.02242885469576957,0.10090774386221926
91,19,19,TUMBLE,1,0.2828035137853097,0.04387021023801059,0.13221011665408658
92,1,2,TUMBLE,2,,-0.21648774116473368,0.14280220237233948
92,3,3,RUN,1,-0.18156110739845194,-0.10622001311775552,0.14003185013676103
92,4,13,TUMBLE,10,-0.05421485220571396,-0.03486680949654437,0.12378781241118966
92,14,14,RUN,1,-0.022121608499580593,-0.012904994861135614,0.06711017580239623
92,15,16,TUMBLE,2,-0.1692957187234751,-0.04510841109898575,0.10640446384056723
92,17,17,RUN,1,0.2706430724332771,-0.0064488638165186105,0.1379953311525662
92,18,19,TUMBLE,2,0.02305746599485548,0.038400310884638356,0.12506817558442127
93,1,1,TUMBLE,1,,-0.17593339268061917,0.0879666963403096
93,2,2,RUN,1,,0.03087433276269254,0.10069658338423365
93,3,6,TUMBLE,4,-0.004231192681566746,0.015713286526750803,0.13643578463919584
93,7,7,RUN,1,-0.0796911113290644,-0.05390761214143909,0.13247800549510064
93,8,11,TUMBLE,4,0.021181858432105953,-0.0007808606443011606,0.067578924744393
93,12,12,RUN,1,-0.10462818135768223,0.00129818128585831,0.08608069204449818
93,13,15,TUMBLE,3,-0.015426820152271712,-0.008716396973350334,0.10244955209190389
93,16,19,RUN,4,0.21435082624926638,0.05389812778317142,0.14960033019873564
94,1,2,TUMBLE,2,,0.1978072581243684,0.1623297713781581
94,3,3,RUN,1,-0.10735472014748856,-0.014428123821024296,0.1372169613389675
94,4,4,TUMBLE,1,0.21109622711526682,0.04299505477245627,0.15857684943148384
94,5,5,RUN,1,0.07213630039530727,0.005668198208523324,0.1342549578661629
94,6,11,TUMBLE,6,-0.07018431210277215,-0.0005466269910667279,0.14580466693254965
94,12,12,RUN,1,0.19698435410252357,-0.06758844116266495,0.182872092362947
94,13,16,TUMBLE,4,-0.010755144256862775,0.003977720357833524,0.1130344922063524
94,17,17,RUN,1,0.06477775543661568,0.009939919274433339,0.05332027895812072
94,18,18,TUMBLE,1,0.02248306898948127,0.0025020234706954626,0.04913475500923574
94,19,19,RUN,1,-0.14716906672858437,-0.02586107764276836,0.07932574010812726
95,1,3,TUMBLE,3,-0.049884025343635646,-0.17317297590781147,0.13585849715515533
95,4,5,RUN,2,0.025640045345372856,-0.02756131122377741,0.09381592232867536
95,6,6,TUMBLE,1,-0.28649730614136637,-0.03832333892654309,0.12395227102455948
95,7,7,RUN,1,-0.05100956640857444,-0.052548721683688744,0.12795259272812157
95,8,12,TUMBLE,5,0.034773799550087914,0.00034178032784920045,0.08834344028285093
95,13,13,RUN,1,-0.05771811176735464,0.021138572879634582,0.0565991566315919
95,14,14,TUMBLE,1,-0.07330911041068752,-0.017391090423165563,0.039062807313839744
95,15,15,RUN,1,0.3220878485022508,0.045220146301922975,0.1305849176944745
95,16,19,TUMBLE,4,0.06434475907927809,0.06129861125539022,0.15441213963514405
96,1,2,TUMBLE,2,,-0.07251689469318207,0.0568287771184211
96,3,3,RUN,1,0.05250072062271301,-0.02800048483061039,0.08604774338322159
96,4,4,TUMBLE,1,-0.05512319145852052,-0.029803436295073503,0.08320057127377188
96,5,6,RUN,2,-0.11392542088181613,-0.01845118791660023,0.09494354759767161
96,7,15,TUMBLE,9,-0.015470620175135032,-0.008917939600286523,0.09066356171095574
96,16,16,RUN,1,0.13866849493497296,-0.027944742085131424,0.10699216958106017
96,17,17,TUMBLE,1,0.5954469072114409,0.12550861561742077,0.25204152408624386
97,1,2,TUMBLE,2,,0.11681885703506448,0.08538177235918706
97,3,3,RUN,1,-0.0009272608759128345,0.061624378645551495,0.11372966225103852
97,4,13,TUMBLE,10,0.004697023426999021,0.0009906295759552978,0.07770149572392723
97,14,14,RUN,1,-0.11671285570300811,0.023085973294929223,0.08613256237308184
97,15,17,TUMBLE,3,0.014547898960531833,-0.004175261213481086,0.05152122042931492
97,18,18,RUN,1,0.08832687690165524,0.031356237840612596,0.06553516373549124
97,19,19,TUMBLE,1,-0.05423208934018463,-0.002607227810940489,0.04894689435554338
98,1,1,TUMBLE,1,,-0.13430643636453188,0.06715321818226591
99,1,2,TUMBLE,2,,0.28518545272740325,0.18523315942677118
99,3,4,RUN,2,-0.013119970894085644,0.0570831831232511,0.14927194511222142
99,5,7,TUMBLE,3,0.01576739756746115,-0.01162900371819362,0.07730488148004176
99,8,8,RUN,1,-0.06566183717205572,-0.0019876008567658054,0.09339121835714959
99,9,10,TUMBLE,2,-0.08025903166216208,-0.016451554929675892,0.10509932324023627
99,11,11,RUN,1,0.012875729080533933,-0.04255407975275114,0.100726041015551
99,12,12,TUMBLE,1,0.17620861959115147,0.03855870786304712,0.07736454625451006
99,13,13,RUN,1,-0.22123625113981832,-0.0030477900029973574,0.10694618416148784
99,14,14,TUMBLE,1,-0.0005627062046882064,-0.021866727508448376,0.1013196003248507
99,15,15,RUN,1,0.11900117439768805,0.008096019934380654,0.11135053858074442
99,16,16,TUMBLE,1,-0.0704635582566382,-0.020916858874829008,0.11962370979011906
99,17,17,RUN,1,-0.18687864101009288,-0.011681085328882125,0.10878988724220236
99,18,18,TUMBLE,1,0.04995707734923312,-0.028651332919770654,0.09817807750884902
99,19,19,RUN,1,0.037969089985572184,-0.024580779029663328,0.09740174900284734
